nombre,apellido,email,direccion
Evey,Ammer,eammer0@hubpages.com,2413 Morning Parkway
Reinwald,Berks,rberks1@house.gov,0 Cordelia Hill
Selina,MacGibbon,smacgibbon2@reverbnation.com,2 Forest Run Road
Paul,Ransome,pransome3@samsung.com,39491 Eagle Crest Pass
Way,Skidmore,wskidmore4@delicious.com,49762 Shasta Lane
Faber,McGillivray,fmcgillivray5@list-manage.com,28309 Fieldstone Pass
Ramonda,Antonoyev,rantonoyev6@businessweek.com,9 Mendota Parkway
Aili,Hugin,ahugin7@buzzfeed.com,53267 Arizona Hill
Issiah,O'Shields,ioshields8@myspace.com,7 Paget Street
Torry,Johantges,tjohantges9@wiley.com,0 Granby Pass
Charin,Setford,csetforda@live.com,576 Pierstorff Hill
Nealy,Dodridge,ndodridgeb@abc.net.au,5885 Dennis Crossing
Bogart,Studd,bstuddc@studiopress.com,168 Warbler Terrace
Desiree,Farrar,dfarrard@google.it,89810 Hazelcrest Way
Hamil,Hedger,hhedgere@squarespace.com,17 Moose Plaza
Retha,Marxsen,rmarxsenf@latimes.com,6 Northfield Alley
Charita,Shalloo,cshalloog@archive.org,5 Utah Circle
Terrell,Kidner,tkidnerh@usatoday.com,3364 Messerschmidt Place
Jilli,Baggs,jbaggsi@unc.edu,3 Elmside Street
Delaney,Finessy,dfinessyj@blogspot.com,5 Lunder Crossing
Talyah,Corkill,tcorkillk@wiley.com,3313 Forest Dale Drive
Raffarty,Placstone,rplacstonel@biglobe.ne.jp,02562 Mosinee Drive
Kelci,Konmann,kkonmannm@nydailynews.com,8 Sutteridge Park
Leah,Epdell,lepdelln@loc.gov,09 Prairie Rose Parkway
Fleming,Perryn,fperryno@addthis.com,44 Reinke Junction
Tan,Orys,torysp@google.cn,87882 Park Meadow Parkway
Jobi,Eat,jeatq@free.fr,30802 Meadow Ridge Circle
Brunhilde,Hatrick,bhatrickr@statcounter.com,7579 Weeping Birch Trail
Madison,Harradine,mharradines@google.co.uk,5 Michigan Road
Isa,Mucklo,imucklot@fema.gov,16 Bultman Center
